Nf,beta,mf,L,T,source,value_mpi,error_mpi,value_mrho,error_mrho,value_mpi_ij,error_mpi_ij,value_mpi_i4,error_mpi_i4,value_mpi_i5,error_mpi_i5,value_mpi_i,error_mpi_i,value_mpi_id,error_mpi_id,value_mpi_4,error_mpi_4,value_mpi_45,error_mpi_45,value_mrhoVT,error_mrhoVT,value_msigma,error_msigma,value_msigma_alt,error_msigma_alt,syst_upper_msigma,syst_lower_msigma,value_mN,error_mN,value_mN1s,error_mN1s,value_ma0,error_ma0,value_ma1,error_ma1,value_mb1,error_mb1,value_pbp,error_pbp,value_fpi,error_fpi,value_metaprime,error_metaprime,value_t0p,error_t0p,value_t0c,error_t0c
4,3.7,0.01,20,30,,0.209295,4.30E-05,,,0.299797,0.004653,,,,,,,,,,,,,0.610951475,0.001179479,,,,,,,,,,,,,,,,,,,,,,,0.849030831,0.000734686,1.138068466,0.000838889
4,3.8,0.01,20,30,,0.197311,0.000255,0.5257523,0.01376623,0.246156,0.000839,,,,,,,,,,,,,0.50551724,0.01490239,0.31073805,0.035195792,0.30040209,0.053628335,,,,,,,,,,,,,,,0.09038832,0.00017413,0.740624832,0.040574046,1.168001605,0.001666197,1.453502706,0.001932251
4,3.7,0.02,20,30,,0.301206,0.000961,,,0.385422,0.002667,,,,,,,,,,,,,0.68413687,0.000929667,,,,,,,,,,,,,,,,,,,,,,,0.8117369,0.000659771,1.091094033,0.000791267
4,3.8,0.02,20,30,,0.279275,0.000263,0.59311069,0.00775471,0.321876,0.000554,,,,,,,,,,,,,0.59918688,0.00897894,0.49773575,0.049213337,0.45346687,0.11981101,,,,,,,,,,,,,,,0.1048652,0.00012829,0.743705674,0.042395596,1.110968871,0.001723873,1.384106684,0.001959726
4,3.7,0.03,20,30,,0.367191,0.000603,,,0.444474,0.001479,,,,,,,,,,,,,0.747616326,0.00086642,,,,,,,,,,,,,,,,,,,,,,,0.780020756,0.000764914,1.052370438,0.000871808
4,3.8,0.03,20,30,,0.343837,0.000244,0.6548522,0.00556395,0.384034,0.000413,,,,,,,,,,,,,0.66009757,0.00629257,0.5825551,0.10050243,0.52952538,0.2807716,,,,,,,,,,,,,,,0.11554781,0.00011887,0.784441061,0.038774428,1.062666437,0.001563028,1.326223337,0.001770454
4,3.7,0.04,20,30,,0.425331,0.000797,,,0.498104,0.001419,,,,,,,,,,,,,0.802097219,0.001048794,,,,,,,,,,,,,,,,,,,,,,,0.749066495,0.000647606,1.014587988,0.000704778
4,3.8,0.04,20,30,,0.400304,0.000198,0.71462948,0.00459561,0.439788,0.000269,,,,,,,,,,,,,0.71445521,0.00514977,,,,,,,,,,,,,,,,,,,0.12463622,9.56E-05,0.786682811,0.04398864,1.019029013,0.001296073,1.275179784,0.001523638
12,4,0.04,36,48,arXiv:1610.07011,0.2718,0.0007,0.3247,0.002,,,,,,,,,,,,,,,,,0.23436721,0.01196956,0.23709008,0.01376476,0.00272287,0,0.4964,0.0028,,,,,0.4197,0.0044,,,,,0.05477,0.00063,0.814688457,0.061135886,10.82950751,0.057768286,11.20560915,0.058160715
12,4,0.05,36,48,arXiv:1610.07011,0.3186,0.0007,0.3798,0.0014,,,,,,,,,,,,,,,,,0.285258204,0.02198951,0.28457486,0.026759771,0,0.000683344,0.5802,0.0015,,,,,0.4948,0.0041,,,,,0.06374,0.00034,0.845952285,0.04773719,7.978669319,0.025912426,8.338267052,0.02612573
12,4,0.06,36,48,arXiv:1610.07011,0.3638,0.0005,0.4325,0.0013,,,,,,,,,,,,,,,,,0.306818767,0.021082885,0.308956493,0.025043974,0.002137727,0,0.6595,0.0022,,,,,0.5552,0.0022,,,,,0.07218,0.0003,0.987120126,0.066031174,6.261638048,0.017815117,6.602729538,0.018596902
12,4,0.08,36,48,arXiv:1610.07011,0.4465,0.0004,0.5292,0.0012,,,,,,,,,,,,,,,,,0.385904094,0.020676125,0.385594297,0.026318111,0,0.000309796,0.8091,0.0016,,,,,0.6778,0.0024,,,,,0.08809,0.00021,,,4.322228504,0.016166067,4.632136227,0.016765786
12,4,0.1,30,40,arXiv:1610.07011,0.5235,0.0003,0.6182,0.0007,,,,,,,,,,,,,,,,,0.437071183,0.049645118,0.427633395,0.065254685,0,0.009437788,0.9489,0.0018,,,,,0.7926,0.0028,,,,,0.1022,0.00018,,,3.32870687,0.005932508,3.613257012,0.006172181
12,4,0.12,30,40,arXiv:1610.07011,0.596,0.0004,0.7027,0.0011,,,,,,,,,,,,,,,,,,,,,,,1.0762,0.0028,,,,,0.8928,0.0045,,,,,0.11514,0.00019,,,,,,
12,4,0.16,30,40,arXiv:1610.07011,0.7306,0.0003,0.8541,0.0007,,,,,,,,,,,,,,,,,,,,,,,1.3067,0.0026,,,,,1.0855,0.0076,,,,,0.13835,0.00025,,,,,,
12,4,0.2,30,40,arXiv:1610.07011,0.858,0.0003,0.994,0.0011,,,,,,,,,,,,,,,,,,,,,,,1.5176,0.0023,,,,,1.261,0.012,,,,,0.15938,0.00019,,,,,,
8,3.8,0.012,42,56,arXiv:1610.07011,0.16362,0.00043,0.2536,0.0017,0.1657,0.0004,,,,,,,,,,,,,0.2522,0.0015,0.151494886,0.015048892,0.10667249,0.03540625,0,0.044822396,0.369705102,0.002379064,0.462,0.01,0.279,0.01,0.346,0.011,0.3503,0.0095,0.007311,7.60E-06,0.045417128,0.000269744,0.869435058,0.054943584,4.129203316,0.005152448,4.754301851,0.005997102
8,3.8,0.015,36,48,arXiv:1610.07011,0.18606,0.00031,0.2815,0.0023,0.1886,0.0004,,,,,,,,,,,,,0.2813,0.002,0.162103733,0.022648113,0.089504546,0.025583659,0,0.072599187,0.410451754,0.002534511,0.5106,0.0092,0.3151,0.0079,0.3854,0.0082,0.397,0.015,0.0090392,5.30E-06,0.050465767,0.000139948,0.937851716,0.079937587,3.879755776,0.006041928,4.455550495,0.006796647
8,3.8,0.02,36,48,arXiv:1610.07011,0.22052,0.00033,0.3223,0.0031,0.2233,0.0003,,,,,,,,,,,,,0.3234,0.0026,0.189533298,0.017459297,0.228615751,0.082366412,0.039082453,0,0.477270377,0.003702761,0.589,0.014,0.365,0.011,0.46,0.012,0.465,0.018,0.0119,6.50E-06,0.058480744,0.000148297,0.952546008,0.05155066,3.518565384,0.004387356,4.030390108,0.004847439
8,3.8,0.03,30,40,arXiv:1610.07011,0.28122,0.00024,0.4075,0.0024,0.2849,0.0003,,,,,,,,,,,,,0.4071,0.002,0.28193064,0.027350844,0.305925204,,0.023994564,0,0.604174155,0.002288904,0.748,0.017,0.463,0.011,0.528,0.024,0.547,0.048,0.0174824,3.70E-06,0.071573035,0.000102637,0.981430634,0.021772383,2.956705264,0.002865512,3.384220198,0.003351932
8,3.8,0.04,30,40,arXiv:1610.07011,0.33501,0.00021,0.4719,0.0023,0.339,0.0003,,,,,,,,,,,,,0.4709,0.0022,0.36531855,0.0433447,0.382318512,,0.016999962,0,0.693897647,0.002611738,0.9,0.026,0.567,0.023,0.61,0.027,0.752,0.061,0.0229218,4.20E-06,0.082640517,9.93E-05,0.958750654,0.04135961,2.578725952,0.003555825,2.956335927,0.003929085
8,3.8,0.05,30,40,arXiv:1610.07011,0.38336,0.00048,,,,,,,,,,,,,,,,,,,,,,,,,,,,,,,,,,,,,0.09182385,0.00022924,,,,,,
8,3.8,0.06,30,40,arXiv:1610.07011,0.43035,0.00044,0.585,0.013,,,,,,,,,,,,,,,0.589,0.012,,,,,,,,,,,,,,,,,0.033437,1.30E-05,0.10118,0.00028,,,,,,
8,3.8,0.07,30,40,arXiv:1610.07011,0.47347,0.00042,,,,,,,,,,,,,,,,,,,,,,,,,,,,,,,,,,,,,0.10985,0.00025,,,,,,
8,3.8,0.08,24,32,arXiv:1610.07011,0.51479,0.00031,0.6758,0.0033,,,,,,,,,,,,,,,0.6755,0.003,,,,,,,1.02118133,0.00760955,1.37,0.13,0.789,0.045,0.948,0.067,0.885,0.073,0.043557,6.90E-06,0.116960316,0.000183997,,,,,,
8,3.8,0.1,24,32,arXiv:1610.07011,0.59401,0.00055,0.779,0.0065,,,,,,,,,,,,,,,0.776,0.0068,,,,,,,,,,,,,,,,,0.053338,0.000018,0.13152,0.00026,,,,,,
8,3.8,0.009,48,64,arXiv:2505.08658,0.13949567,0.000557844,0.22251239,0.002409612,0.1413088,0.000579353,0.14111783,0.000585723,0.14041988,0.000536272,0.1419844,0.000572442,0.14262967,0.000538853,0.14180669,0.000596258,0.14061627,0.000561624,0.22327567,0.002278163,0.11210569,0.016550624,0.079527992,0.025096306,0,0.032577698,0.32017405,0.002219832,0.41562236,0.006519165,0.23552061,0.007101377,0.31436955,0.005864876,0.3196234,0.008552314,0.005551592,5.35E-06,0.039714873,0.000196418,0.741279537,0.080932575,4.394604879,0.00707824,5.076158343,0.008216247
8,3.8,0.015,42,56,arXiv:1610.07011,0.18614,0.00015,0.2827,0.0021,,,,,,,,,,,,,,,0.2815,0.0019,,,,,,,0.42,0.0062,0.542,0.02,0.31,0.01,0.387,0.01,0.429,0.021,0.0090454,0.0000042,0.05054,0.00015,,,,,,
8,3.8,0.02,30,40,arXiv:1610.07011,0.22232,0.00042,0.3334,0.0022,,,,,,,,,,,,,,,0.3326,0.0021,,,,,,,0.4913,0.0028,0.6163,0.0071,0.367,0.0078,0.443,0.014,0.471,0.017,0.0118837,0.0000054,0.05775,0.00017,,,,,,
8,3.8,0.03,24,32,arXiv:1610.07011,0.28306,0.00034,0.4134,0.0029,,,,,,,,,,,,,,,0.4119,0.0026,,,,,,,0.6048,0.0037,0.709,0.02,0.4597,0.0073,0.504,0.014,0.546,0.024,0.0174647,0.0000035,0.07085,0.00011,,,,,,
8,3.8,0.04,18,24,arXiv:1610.07011,0.38856,0.00015,0.5323,0.0084,,,,,,,,,,,,,,,0.5248,0.0079,,,,,,,0.7298,0.0061,0.882,0.015,0.515,0.014,0.656,0.013,0.657,0.019,0.028177,0.000028,0.09096,0.00057,,,,,,
8,3.8,0.04,24,32,arXiv:1610.07011,0.33487,0.00035,0.4686,0.0022,,,,,,,,,,,,,,,0.4677,0.0021,,,,,,,0.6917,0.0046,0.854,0.054,0.54,0.012,0.676,0.039,0.579,0.036,0.0229131,0.0000034,0.08235,0.00014,,,,,,
8,3.8,0.06,18,24,arXiv:1610.07011,0.4317,0.00063,0.5908,0.0025,,,,,,,,,,,,,,,0.5912,0.0024,,,,,,,0.8897,0.0044,1.04,0.025,0.651,0.019,0.686,0.042,0.722,0.056,0.0334381,0.0000099,0.10082,0.00023,,,,,,
8,3.8,0.08,18,24,arXiv:1610.07011,0.51524,0.0005,0.6804,0.0025,,,,,,,,,,,,,,,0.6792,0.0023,,,,,,,1.0301,0.0043,1.201,0.048,0.795,0.029,1.064,0.077,0.804,0.065,0.0435545,0.000008,0.11694,0.00023,,,,,,
8,3.8,0.1,18,24,arXiv:1610.07011,0.5948,0.0011,0.7729,0.0065,,,,,,,,,,,,,,,0.7698,0.0056,,,,,,,,,,,,,,,,,0.053338,0.000035,0.13151,0.00044,,,,,,